{
"meta":{"test_sets":[],"test_metrics":[],"learn_metrics":[{"best_value":"Min","name":"Logloss"}],"launch_mode":"Train","parameters":"","iteration_count":20,"learn_sets":["learn"],"name":"experiment"},
"iterations":[
{"learn":[0.6520889051],"iteration":0,"passed_time":0.01798500924,"remaining_time":0.3417151755},
{"learn":[0.634386489],"iteration":1,"passed_time":0.03416989437,"remaining_time":0.3075290494},
{"learn":[0.6301982702],"iteration":2,"passed_time":0.04963545808,"remaining_time":0.2812675958},
{"learn":[0.6261047662],"iteration":3,"passed_time":0.06488826664,"remaining_time":0.2595530666},
{"learn":[0.6251799944],"iteration":4,"passed_time":0.0828230746,"remaining_time":0.2484692238},
{"learn":[0.6241307255],"iteration":5,"passed_time":0.09807056886,"remaining_time":0.2288313273},
{"learn":[0.6233258006],"iteration":6,"passed_time":0.1149337798,"remaining_time":0.2134484482},
{"learn":[0.622405955],"iteration":7,"passed_time":0.1269596298,"remaining_time":0.1904394448},
{"learn":[0.6219149731],"iteration":8,"passed_time":0.1421445609,"remaining_time":0.1737322411},
{"learn":[0.6215667363],"iteration":9,"passed_time":0.1572090578,"remaining_time":0.1572090578},
{"learn":[0.621363188],"iteration":10,"passed_time":0.1722451284,"remaining_time":0.1409278323},
{"learn":[0.6205987754],"iteration":11,"passed_time":0.1875720755,"remaining_time":0.1250480503},
{"learn":[0.6204700985],"iteration":12,"passed_time":0.2030649844,"remaining_time":0.1093426839},
{"learn":[0.6202908528],"iteration":13,"passed_time":0.218133231,"remaining_time":0.09348567044},
{"learn":[0.6201267593],"iteration":14,"passed_time":0.233185735,"remaining_time":0.07772857834},
{"learn":[0.6201210277],"iteration":15,"passed_time":0.2455105389,"remaining_time":0.06137763472},
{"learn":[0.6200992186],"iteration":16,"passed_time":0.2615523168,"remaining_time":0.04615629121},
{"learn":[0.6200598985],"iteration":17,"passed_time":0.2769007442,"remaining_time":0.03076674936},
{"learn":[0.6198316798],"iteration":18,"passed_time":0.292061442,"remaining_time":0.01537165484},
{"learn":[0.6196648194],"iteration":19,"passed_time":0.3074966859,"remaining_time":0}
]}